{"model": "LSTM", "baseline": 5.333871841430664, "GDP+10%": 5.350293159484863, "SocialSupport+0.1": 5.3854522705078125, "Freedom+0.1": 5.374253749847412}