{"model": "LSTM", "baseline": 5.696592330932617, "GDP+10%": 5.706116199493408, "SocialSupport+0.1": 5.754848957061768, "Freedom+0.1": 5.775245189666748}