{"model": "XGBoost", "baseline": 5.255764007568359, "GDP+10%": 5.3513312339782715, "SocialSupport+0.1": 5.461032867431641, "Freedom+0.1": 5.6120524406433105}